timestamp,ticker,action,quantity,price,trader_id
2024-02-09 23:33:07,AMZN,SELL,0,204.22,T012
2024-06-05 07:48:10,AMZN,SELL,39,,T018
2024-07-22 16:58:21,META,SELL,212,509.83,T006
2024-04-26 05:03:50,GOOGL,SELL,229,144.76,T020
2024-12-28 05:19:36,JPM,SELL,450,180.58,T010
2024-11-22 01:11:56,AMZN,BUY,392,208.48,T009
2024-05-27 20:58:30,GOOGL,SELL,29,148.24,T001
2024-08-01 06:39:02,JPM,SELL,329,206.67,T010
2024-01-19 19:47:20,NFLX,BUY,103,621.87,T012
2024-08-29 08:10:09,MSFT,BUY,346,387.87,T003
2024-07-24 01:07:34,GOOGL,BUY,124,171.31,T007
2024-02-16 23:37:01,GOOGL,BUY,108,149.76,T019
2024-10-31 12:26:25,V,BUY,89,282.1,T007
2024-04-16 10:08:35,V,BUY,14,279.65,T011
2024-03-08 18:15:48,NVDA,SELL,290,710.98,T005
2024-12-21 02:48:47,NFLX,BUY,45,638.68,T013
2024-05-01 12:17:32,NFLX,BUY,62,,T001
2024-11-08 13:47:47,GOOGL,SELL,46,150.66,T016
2024-12-29 15:07:56,TSLA,SELL,48,187.49,T012
2024-09-23 14:58:52,NVDA,BUY,391,791.35,T016
2024-09-30 09:33:36,AAPL,BUY,278,176.95,T002
2024-09-04 15:14:02,V,BUY,153,278.85,T012
2024-02-28 21:04:32,TSLA,BUY,173,256.5,T003
2024-08-10 12:43:33,META,SELL,74,482.74,T011
2024-06-07 20:37:36,MSFT,BUY,450,405.83,T010
2024-04-24 08:12:41,AAPL,SELL,373,171.93,T017
2024-08-08 00:58:51,AAPL,BUY,38,178.33,T018
2024-07-14 06:40:21,META,SELL,453,467.01,T015
2024-10-27 17:50:55,NFLX,BUY,128,623.25,T006
2024-12-26 02:25:07,MSFT,SELL,376,389.51,T017
2024-03-19 15:09:04,V,SELL,288,-272.64,T001
2024-01-16 17:13:29,AMZN,BUY,251,206.99,T001
2024-06-14 21:30:26,V,SELL,43,-293.01,T018
2024-07-05 03:40:24,V,SELL,260,289.15,T010
2024-06-25 11:16:45,GOOGL,BUY,385,142.55,T015
2024-07-01 20:03:31,META,SELL,281,519.14,T015
2024-04-19 13:05:46,GOOGL,SELL,110,153.14,T018
2024-10-31 16:21:38,NVDA,BUY,277,911.01,T008
2024-08-03 04:29:26,AAPL,SELL,207,180.28,T008
2024-01-20 06:10:00,TSLA,SELL,408,269.38,T002
2024-02-12 18:37:35,NVDA,BUY,3,779.17,T010
2024-11-29 14:30:32,AAPL,SELL,279,178.35,T001
2024-05-20 22:03:22,GOOGL,SELL,44,,T015
2024-08-07 12:46:06,NFLX,SELL,344,743.49,T004
2024-03-12 11:28:34,NFLX,SELL,165,749.26,T004
2024-11-23 22:17:51,AMZN,SELL,420,192.14,T017
2024-07-30 13:35:22,TSLA,BUY,184,192.44,T015
2024-08-22 03:36:48,AAPL,BUY,4,168.82,T007
2024-12-29 18:30:38,TSLA,BUY,461,210.11,T012
2024-03-08 03:04:24,AAPL,SELL,316,190.79,T015
2024-07-28 14:21:35,TSLA,SELL,290,198.74,T012
2024-12-05 05:12:29,META,BUY,290,450.49,T013
2024-08-07 09:31:06,V,BUY,59,284.25,T012
2024-10-29 20:20:44,AMZN,BUY,312,187.1,T013
2024-09-26 01:24:28,V,BUY,7,283.8,T007
2024-03-25 03:19:14,,BUY,471,190.54,T014
2024-07-18 14:32:35,JPM,SELL,415,182.73,T002
2024-03-23 13:36:36,JPM,BUY,105,180.68,T018
2024-04-05 01:12:25,GOOGL,SELL,274,141.15,T002
2024-04-23 02:24:32,MSFT,BUY,178,394.52,T015
2024-11-03 04:21:44,AMZN,BUY,196,180.67,T002
2024-12-06 08:02:58,  AMZN  ,SELL,106,199.42,T008
2024-08-07 11:49:27,AMZN,SELL,210,202.61,T016
2024-07-16 04:08:48,  NFLX  ,SELL,215,732.4,T020
2024-01-21 13:06:45,JPM,SELL,135,197.14,T003
2024-03-06 00:05:58,JPM,BUY,116,194.22,T002
2024-09-04 07:05:27,GOOGL,BUY,47,136.38,T017
2024-10-18 18:53:37,JPM,SELL,213,184.6,T018
2024-02-19 05:27:10,NFLX,SELL,365,675.7,T002
2024-09-29 07:48:59,MSFT,BUY,0,428.48,T020
2024-06-23 05:49:26,AMZN,BUY,5,190.78,T011
2024-08-19 10:34:49,AAPL,BUY,69,165.12,T017
2024-12-18 05:49:58,MSFT,BUY,159,411.41,T015
2024-02-18 12:38:38,AMZN,SELL,69,206.7,T015
2024-01-19 00:30:12,TSLA,BUY,266,210.64,T012
2024-03-02 06:17:05,NFLX,SELL,386,740.09,T014
2024-08-18 15:30:11,V,SELL,26,-288.72,T012
2024-08-24 12:29:12,TSLA,SELL,51,219.91,T004
2024-09-03 14:26:09,GOOGL,SELL,408,151.1,T009
2024-01-15 04:10:00,  V  ,BUY,476,286.91,T011
2024-02-28 21:50:02,META,SELL,66,496.6,T002
2024-05-06 08:40:56,NVDA,BUY,358,813.84,T008
2024-02-10 01:52:25,V,SELL,249,299.3,T020
2024-03-08 15:40:54,MSFT,BUY,18,406.34,T012
2024-11-26 15:32:59,TSLA,SELL,133,216.98,T017
2024-07-21 11:12:42,NVDA,BUY,378,846.52,T003
2024-03-15 15:06:32,AAPL,SELL,452,181.93,T018
2024-04-22 16:30:05,META,SELL,273,466.04,T011
2024-08-03 07:42:50,TSLA,SELL,65,191.59,T010
2024-08-17 14:10:36,AMZN,BUY,246,202.19,T007
2024-02-01 19:56:51,MSFT,SELL,104,382.13,T005
2024-11-06 19:35:08,AAPL,BUY,378,178.6,T007
2024-05-06 16:21:01,MSFT,SELL,329,410.65,T011
2024-07-20 12:15:49,NVDA,SELL,45,906.75,T013
2024-09-27 19:00:26,MSFT,SELL,148,396.49,T013
2024-12-23 06:56:21,TSLA,SELL,296,195.76,T020
2024-07-01 13:20:22,GOOGL,BUY,137,144.36,T015
2024-08-02 22:32:22,V,SELL,423,283.51,T020
2024-04-05 09:18:02,MSFT,SELL,338,411.67,T005
2024-05-25 08:43:13,META,SELL,212,523.15,T002
2024-08-31 20:33:22,TSLA,BUY,147,258.98,T016
2024-12-16 05:34:43,META,BUY,265,497.01,T009
2024-09-25 10:36:19,AMZN,BUY,458,175.9,T004
2024-09-29 15:48:18,TSLA,SELL,67,276.45,T020
2024-09-15 09:06:52,NFLX,BUY,247,614.29,T012
2024-01-16 14:11:39,MSFT,SELL,199,390.26,T017
2024-07-02 23:35:08,NVDA,BUY,99,717.85,T009
2024-04-02 20:43:01,AAPL,SELL,386,170.43,T009
2024-06-04 18:09:51,GOOGL,SELL,251,143.88,T009
2024-05-02 20:08:29,META,SELL,379,514.13,T004
2024-12-13 21:12:58,GOOGL,BUY,303,160.45,T014
2024-04-28 10:26:42,JPM,SELL,383,191.96,T018
2024-11-01 19:03:37,TSLA,BUY,254,241.08,T013
2024-09-04 07:34:54,MSFT,BUY,272,383.82,T017
2024-05-05 11:37:47,AMZN,BUY,326,183.87,T003
2024-03-10 13:48:27,JPM,SELL,20,196.26,T003
2024-10-30 02:07:57,TSLA,BUY,453,249.38,T002
2024-09-10 18:48:09,NVDA,SELL,225,948.79,T017
2024-12-23 16:33:14,NFLX,BUY,12,687.92,T003
2024-05-30 08:46:50,JPM,BUY,472,196.54,T020
2024-02-17 23:46:03,GOOGL,BUY,439,161.86,T020
2024-06-22 07:57:31,NVDA,SELL,441,812.63,T019
2024-11-13 23:50:55,NFLX,SELL,137,678.97,T013
2024-02-09 00:57:38,NVDA,SELL,182,747.6,T014
2024-04-02 01:10:03,JPM,SELL,404,182.14,T019
2024-04-27 14:33:58,,SELL,260,710.9,T017
,MSFT,BUY,69,394.42,T001
2024-12-04 02:58:09,AAPL,BUY,360,199.7,T005
2024-01-21 06:13:12,AAPL,SELL,430,181.21,T019
2024-07-14 02:22:24,META,SELL,108,479.27,T014
2024-09-07 19:38:15,MSFT,SELL,441,384.23,T015
2024-09-06 04:51:30,GOOGL,BUY,271,140.85,T001
2024-03-03 15:48:25,AMZN,SELL,427,184.78,T018
2024-11-12 09:53:31,AAPL,SELL,44,166.07,T008
2024-02-25 16:27:56,GOOGL,BUY,7,166.18,T002
2024-10-30 15:53:24,NFLX,BUY,467,729.76,T020
2024-04-19 02:13:44,AMZN,SELL,321,203.59,T008
2024-03-17 09:15:16,AMZN,BUY,0,175.6,T019
2024-07-31 16:42:41,GOOGL,BUY,200,172.9,T016
2024-09-12 18:43:14,AAPL,BUY,500,174.39,T006
2024-11-08 09:59:52,NVDA,BUY,83,896.52,T013
2024-04-27 21:40:31,MSFT,SELL,162,413.58,T003
2024-07-13 12:27:37,META,SELL,51,491.03,T016
2024-12-07 23:35:38,AMZN,SELL,160,179.05,T005
2024-04-04 06:42:43,JPM,SELL,495,187.02,T016
2024-10-09 03:15:12,META,BUY,134,474.16,T012
2024-05-26 08:55:49,AAPL,SELL,383,,T001
2024-09-23 19:09:34,MSFT,SELL,75,429.18,T002
2024-10-06 11:17:11,AAPL,SELL,113,182.45,T015
2024-08-05 16:58:36,MSFT,SELL,53,401.55,T001
2024-04-01 13:35:53,NFLX,BUY,352,634.64,T001
2024-04-08 06:55:04,AMZN,BUY,234,203.48,T002
2024-10-10 18:23:20,TSLA,SELL,41,258.13,T014
2024-08-31 07:46:04,GOOGL,BUY,0,130.69,T018
2024-11-18 01:37:50,  JPM  ,BUY,305,185.19,T010
2024-11-08 01:13:36,META,SELL,281,516.39,T017
2024-11-05 20:07:06,GOOGL,SELL,286,132.44,T003
2024-11-12 20:39:23,META,BUY,56,506.13,T008
2024-08-11 03:26:04,V,SELL,96,295.27,T020
2024-03-26 05:50:03,TSLA,BUY,52,178.57,T008
2024-08-10 08:26:13,NFLX,SELL,93,672.4,T020
2024-12-29 11:55:43,NFLX,SELL,252,607.63,T019
2024-06-04 18:18:47,,BUY,437,499.86,T011
2024-09-21 12:34:58,V,BUY,62,294.01,T015
2024-03-03 19:38:13,GOOGL,SELL,2,143.21,T009
2024-03-19 23:17:57,JPM,SELL,426,185.96,T017
2024-09-04 18:30:22,JPM,BUY,242,181.61,T007
2024-08-10 08:13:59,META,BUY,427,481.68,T006
2024-06-14 10:25:34,TSLA,BUY,268,266.52,T004
2024-03-16 02:52:55,NFLX,BUY,256,708.17,T017
2024-03-02 04:07:25,AAPL,BUY,65,174.22,T016
2024-03-02 18:40:26,NVDA,BUY,491,785.06,T011
2024-03-16 02:20:20,V,BUY,279,290.91,T012
2024-03-17 06:37:56,V,BUY,170,-284.04,T006
2024-12-24 07:30:24,NVDA,BUY,354,773.6,T017
2024-03-01 17:44:53,AMZN,BUY,33,185.32,T014
2024-02-03 04:35:11,NFLX,SELL,271,730.97,T012
2024-01-09 12:44:29,NVDA,SELL,351,886.1,T012
2024-12-24 12:14:56,MSFT,BUY,319,422.03,T018
2024-06-16 07:17:52,MSFT,SELL,25,411.3,T012
2024-11-15 15:02:04,MSFT,SELL,278,402.47,T012
2024-09-14 17:27:18,AMZN,BUY,205,178.92,T011
2024-12-03 10:45:01,NFLX,BUY,417,662.72,T011
2024-08-08 02:23:20,META,BUY,193,498.67,T018
2024-05-17 02:10:17,V,sell,453,282.1,T007
2024-02-05 23:03:59,AAPL,BUY,428,160.51,T019
2024-03-21 04:02:45,AMZN,BUY,34,199.69,T006
2024-07-27 05:31:38,MSFT,BUY,257,386.46,T018
2024-01-28 13:21:59,GOOGL,SELL,51,143.08,T007
2024-02-01 15:31:42,MSFT,SELL,59,413.13,T019
2024-11-13 08:08:52,MSFT,BUY,413,419.24,T002
2024-06-15 01:36:14,TSLA,SELL,311,218.74,T015
2024-12-16 19:11:27,V,BUY,413,292.96,T020
2024-04-10 19:17:48,AMZN,BUY,89,174.11,T020
2024-02-22 15:40:10,META,SELL,441,524.71,T019
2024-04-26 12:27:53,JPM,BUY,165,194.6,T017
2024-09-09 18:49:23,AAPL,SELL,34,191.57,T011
2024-04-02 13:43:02,,SELL,117,184.7,T003
2024-04-07 03:53:09,META,SELL,305,470.14,T020
2024-12-10 08:38:53,GOOGL,BUY,280,133.39,T002
2024-02-25 20:05:37,AMZN,SELL,94,191.45,T009
2024-08-14 07:30:11,V,SELL,152,298.04,T005
2024-08-31 10:35:48,NFLX,BUY,233,739.55,T017
2024-11-11 05:09:57,V,BUY,275,297.63,T011
2024-02-04 20:11:33,GOOGL,SELL,201,147.26,T006
2024-05-24 10:03:32,NFLX,SELL,396,636.39,T007
2024-01-20 10:54:53,GOOGL,buy,396,164.07,T015
2024-11-28 02:51:30,NVDA,SELL,236,923.87,T009
2024-06-18 13:35:09,JPM,SELL,9,198.91,T013
2024-04-18 04:57:32,GOOGL,BUY,115,131.13,T005
2024-10-18 04:10:49,TSLA,BUY,256,190.11,T007
2024-12-07 15:27:55,V,SELL,356,298.7,T015
2024-01-31 15:20:27,GOOGL,BUY,387,151.07,T008
2024-01-10 07:27:19,AMZN,BUY,123,177.97,T005
2024-06-07 08:41:04,GOOGL,BUY,337,173.66,T018
2024-12-27 07:14:48,AMZN,BUY,445,207.96,T010
2024-11-13 03:42:10,AMZN,BUY,169,193.46,T005
2024-01-19 00:33:37,META,SELL,61,513.02,T007
2024-02-12 01:36:29,META,BUY,176,470.89,T006
2024-12-18 01:27:48,JPM,SELL,398,-204.99,T008
2024-01-19 06:29:14,NFLX,SELL,275,639.68,T004
2024-11-25 16:32:41,MSFT,SELL,331,384.13,T011
2024-08-18 13:02:13,NFLX,BUY,465,660.77,T002
2024-01-24 11:40:40,AAPL,BUY,487,184.78,T020
2024-04-21 10:01:10,META,SELL,99,467.55,T002
2024-03-06 23:53:11,JPM,SELL,253,201.98,T013
2024-11-12 06:26:24,MSFT,BUY,452,428.81,T014
2024-04-24 05:02:41,NFLX,BUY,1,634.91,T004
2024-01-02 20:41:12,NFLX,SELL,268,-680.89,T014
2024-05-17 01:54:48,AMZN,SELL,373,206.24,T005
2024-05-18 19:39:07,,BUY,315,749.25,T019
2024-04-07 04:14:05,MSFT,SELL,383,393.24,T019
2024-09-05 08:03:43,JPM,SELL,269,198.93,T018
2024-12-27 05:42:23,V,SELL,18,278.08,T002
2024-08-26 21:00:24,GOOGL,SELL,434,156.22,T005
2024-05-08 01:13:19,V,SELL,267,281.92,T015
2024-03-01 04:56:29,JPM,SELL,354,189.41,T007
2024-08-22 09:07:11,MSFT,SELL,478,406.7,T012
2024-07-22 21:02:51,GOOGL,SELL,428,161.67,T009
2024-03-02 16:45:43,GOOGL,BUY,336,141.81,T013
2024-02-06 09:07:52,JPM,BUY,371,184.47,T004
2024-03-12 23:20:14,MSFT,BUY,134,-423.34,T013
2024-01-17 01:07:31,JPM,BUY,375,191.5,T012
2024-10-22 23:10:29,TSLA,SELL,328,172.47,T007
2024-05-06 23:54:53,TSLA,BUY,58,255.44,T014
2024-08-05 22:13:48,TSLA,BUY,26,238.17,T006
2024-11-22 04:42:16,AMZN,SELL,80,203.4,T004
2024-02-24 19:42:07,AMZN,BUY,40,179.06,T010
2024-09-06 05:52:05,AAPL,SELL,42,168.28,T016
2024-03-15 19:18:12,V,BUY,364,282.26,T001
2024-08-27 08:04:19,,BUY,289,463.31,T013
2024-02-13 08:27:19,META,BUY,25,470.53,T013
2024-04-19 18:01:41,AMZN,SELL,116,208.29,T010
2024-08-24 22:43:51,,SELL,445,139.75,T016
2024-01-19 13:48:58,AAPL,SELL,225,-169.79,T008
2024-06-11 04:38:35,NFLX,BUY,171,749.85,T012
2024-04-07 15:02:11,META,SELL,331,513.29,T003
2024-12-30 17:06:16,META,BUY,103,506.95,T007
2024-11-06 09:45:20,META,SELL,112,518.01,T014
2024-01-14 11:50:42,TSLA,BUY,246,220.38,T013
2024-08-22 09:07:11,MSFT,SELL,478,406.7,T012
2024-09-09 13:14:07,TSLA,BUY,473,192.37,T015
2024-05-07 06:05:45,JPM,BUY,368,182.71,T004
2024-05-10 07:15:44,AAPL,SELL,64,194.63,T012
2024-01-29 22:05:35,AMZN,BUY,477,194.24,T007
2024-06-30 00:02:00,V,SELL,476,296.88,T002
2024-07-17 15:56:02,NFLX,BUY,208,686.2,T004
2024-11-25 07:24:39,AAPL,BUY,54,-199.26,T014
2024-09-07 04:16:32,META,SELL,442,529.07,T009
2024-11-10 14:59:53,AMZN,BUY,388,203.92,T017
2024-04-25 09:48:40,META,BUY,487,476.49,T020
2024-10-07 11:19:13,JPM,,8,199.45,T011
2024-11-17 02:47:49,AAPL,BUY,242,192.17,T020
2024-04-09 13:13:26,AMZN,BUY,59,194.68,T006
2024-09-19 16:28:04,META,BUY,426,493.81,T003
2024-04-12 03:31:41,JPM,SELL,208,209.92,T013
2024-12-22 03:48:56,  META  ,SELL,426,492.47,T006
2024-11-11 06:17:06,GOOGL,SELL,498,160.07,T019
2024-03-20 07:53:26,JPM,SELL,289,180.24,T010
2024-01-23 00:06:05,AAPL,BUY,103,175.23,T009
2024-02-07 12:55:18,GOOGL,SELL,443,145.93,T013
2024-10-29 17:26:56,NVDA,BUY,235,915.1,T004
2024-09-06 03:12:07,MSFT,SELL,236,391.61,T009
2024-09-22 18:36:12,NVDA,BUY,370,865.13,T001
2024-05-15 02:07:59,NFLX,BUY,0,682.7,T009
2024-11-25 00:59:31,NVDA,SELL,481,869.88,T001
2024-08-31 22:04:04,,SELL,432,388.56,T019
2024-09-24 08:47:00,JPM,BUY,498,205.75,T008
2024-01-14 21:54:32,TSLA,SELL,135,266.23,T012
2024-05-15 07:17:31,META,BUY,376,513.08,T004
2024-02-19 09:29:22,NVDA,SELL,243,811.08,T005
2024-02-15 06:09:12,JPM,SELL,226,207.61,T002
2024-10-01 23:57:33,NFLX,BUY,221,733.98,T006
2024-04-28 17:28:41,TSLA,BUY,197,220.25,T016
2024-08-26 05:17:54,,BUY,187,195.72,T012
2024-06-25 04:13:50,NVDA,SELL,182,838.01,T008
2024-09-02 23:17:29,AMZN,BUY,96,201.91,T014
2024-02-07 12:49:12,JPM,SELL,114,203.79,T013
2024-12-11 23:21:22,GOOGL,BUY,199,134.37,T015
2024-07-10 19:08:12,  NVDA  ,SELL,38,871.52,T003
2024-09-07 11:59:35,GOOGL,BUY,388,154.07,T019
2024-10-27 18:09:35,NVDA,BUY,94,912.69,T020
2024-09-14 06:48:34,GOOGL,BUY,23,134.33,T005
2024-11-03 21:16:11,AAPL,SELL,28,171.36,T015
2024-10-28 17:25:36,TSLA,SELL,180,265.08,T017
2024-07-22 07:48:24,NFLX,SELL,347,715.57,T006
2024-02-24 00:21:14,  AMZN  ,SELL,4,188.31,T013
2024-08-08 09:58:17,GOOGL,BUY,291,143.47,T013
2024-09-26 01:52:51,AAPL,SELL,63,175.38,T019
2024-10-29 19:57:11,V,SELL,122,282.7,T010
2024-03-20 21:00:47,MSFT,BUY,249,,T007
2024-06-13 10:28:02,V,SELL,493,299.49,T002
2024-03-02 12:23:37,JPM,BUY,79,201.29,T011
2024-11-16 11:17:30,META,SELL,495,-470.59,T016
2024-08-31 08:49:14,AAPL,SELL,58,191.46,T014
2024-12-19 06:24:27,AAPL,BUY,131,175.06,T006
2024-10-21 20:17:19,V,BUY,405,279.95,T003
2024-11-14 01:23:25,AAPL,BUY,177,160.0,T010
2024-07-30 09:49:21,,BUY,258,819.58,T012
2024-09-22 07:41:57,GOOGL,BUY,296,145.8,T019
2024-02-18 18:15:50,NVDA,BUY,198,,T015
2024-05-10 22:28:20,TSLA,BUY,327,174.85,T009
2024-03-29 02:13:17,NFLX,BUY,194,718.05,T010
2024-11-06 09:33:33,GOOGL,SELL,345,166.85,T016
2024-06-29 10:17:02,GOOGL,BUY,87,131.92,T019
2024-04-24 14:30:26,MSFT,SELL,316,402.65,T019
2024-03-11 14:53:43,AAPL,BUY,345,164.36,T010
2024-11-01 21:12:09,V,SELL,270,280.74,T008
2024-09-03 23:54:49,JPM,SELL,322,184.27,T014
2024-03-28 13:38:02,TSLA,BUY,439,170.72,T011
2024-01-20 00:09:46,NVDA,BUY,156,729.17,T016
2024-04-03 18:41:13,NFLX,BUY,302,732.41,T016
2024-01-09 01:16:50,V,SELL,413,299.32,T006
2024-01-18 04:14:18,V,SELL,143,273.58,T018
2024-05-15 19:56:33,AMZN,BUY,142,179.9,T007
2024-07-30 08:08:41,GOOGL,BUY,497,132.28,T003
2024-01-26 22:46:14,NFLX,BUY,141,626.02,T005
2024-10-18 10:40:29,TSLA,BUY,229,194.42,T012
2024-06-17 03:05:42,AAPL,SELL,269,173.4,T003
2024-02-15 21:11:58,AAPL,SELL,394,187.21,T011
2024-09-03 18:50:23,JPM,SELL,253,195.59,T006
2024-06-17 13:26:52,TSLA,SELL,306,171.0,T008
2024-03-12 09:40:19,AAPL,BUY,175,174.5,T016
2024-08-04 23:17:32,NFLX,BUY,421,669.44,T015
2024-09-30 06:06:21,MSFT,SELL,432,400.64,T018
2024-10-18 02:07:19,V,SELL,181,280.31,T015
2024-06-13 05:03:06,TSLA,BUY,330,212.13,T017
2024-12-27 00:50:11,TSLA,SELL,359,263.6,T011
,TSLA,SELL,158,211.87,T009
2024-04-28 00:42:23,GOOGL,SELL,342,162.39,T014
2024-01-31 07:36:04,MSFT,BUY,493,429.17,T006
2024-11-16 19:49:10,V,SELL,86,285.52,T012
2024-02-13 12:08:42,MSFT,BUY,277,412.27,T014
2024-09-01 13:54:58,AAPL,SELL,9,161.84,T004
2024-11-01 23:46:21,NVDA,SELL,355,759.4,T002
2024-04-03 15:26:30,META,SELL,313,504.11,T010
2024-08-16 18:16:05,GOOGL,BUY,202,138.09,T014
2024-07-07 15:49:51,AMZN,BUY,0,176.19,T004
2024-09-07 19:50:15,JPM,BUY,491,187.21,T002
2024-01-08 05:26:34,NVDA,SELL,487,891.13,T014
2024-11-28 01:00:31,NFLX,SELL,331,727.84,T018
2024-04-06 14:14:53,V,BUY,4,292.81,T014
2024-06-19 03:55:40,AAPL,SELL,374,164.34,T011
2024-03-02 18:22:46,GOOGL,SELL,145,163.41,T020
2024-02-26 00:23:28,GOOGL,SELL,382,172.15,T003
2024-09-05 03:53:37,AMZN,SELL,466,195.91,T010
2024-06-13 12:43:52,META,SELL,55,451.01,T014
2024-03-28 15:33:17,V,BUY,28,278.41,T017
2024-08-13 08:16:59,TSLA,BUY,255,248.36,T015
2024-04-14 09:27:32,META,BUY,128,485.73,T003
2024-11-23 10:25:00,GOOGL,BUY,373,138.29,T001
2024-04-07 00:01:06,MSFT,BUY,365,380.24,T014
2024-08-26 19:59:07,META,BUY,328,523.68,T019
2024-09-09 19:26:24,JPM,BUY,308,207.35,T001
2024-11-21 04:04:57,NVDA,SELL,316,863.73,T014
2024-07-09 14:31:59,NVDA,SELL,90,897.96,T018
2024-03-01 23:38:50,NFLX,SELL,486,604.86,T012
2024-11-02 17:57:28,MSFT,BUY,213,406.03,T018
2024-03-21 10:48:01,JPM,SELL,282,202.8,T005
2024-03-24 20:37:58,V,BUY,328,294.18,T007
2024-06-11 15:18:03,V,BUY,393,292.48,T019
2024-11-03 11:13:54,NVDA,SELL,495,796.89,T018
2024-10-31 17:42:25,JPM,BUY,355,207.73,T019
2024-07-22 06:01:53,NFLX,BUY,193,678.38,T007
2024-07-19 00:18:30,,BUY,198,851.55,T019
2024-11-18 01:54:15,JPM,SELL,166,193.95,T008
2024-04-12 20:12:07,GOOGL,BUY,298,169.47,T009
2024-11-30 13:19:10,NFLX,SELL,8,642.15,T004
2024-06-09 22:07:28,MSFT,BUY,407,390.97,T019
2024-06-30 05:00:32,,SELL,273,199.14,T013
2024-12-14 16:41:08,TSLA,BUY,117,255.07,T017
2024-05-22 18:55:36,AAPL,BUY,165,184.79,T003
2024-06-19 07:26:21,META,SELL,328,499.19,T002
2024-12-23 14:38:55,MSFT,BUY,397,409.33,T004
2024-06-12 23:42:06,NVDA,BUY,419,825.73,T007
2024-08-11 13:19:18,AAPL,BUY,176,183.32,T008
2024-10-19 06:42:56,JPM,SELL,449,-185.59,T002
2024-06-05 23:17:37,META,SELL,231,479.21,T006
2024-03-09 09:51:56,GOOGL,BUY,127,152.7,T015
2024-04-19 15:04:36,NVDA,BUY,492,778.6,T004
2024-02-23 13:19:15,TSLA,SELL,450,262.41,T016
2024-12-16 09:27:41,TSLA,BUY,221,245.74,T005
2024-05-14 03:10:40,,SELL,337,194.81,T005
2024-12-08 08:40:54,V,BUY,394,280.34,T005
2024-08-22 09:58:43,AMZN,SELL,399,192.14,T001
2024-09-07 00:03:10,NFLX,SELL,149,660.66,T004
2024-08-17 17:26:35,  MSFT  ,BUY,0,387.41,T004
2024-12-13 19:43:54,NFLX,SELL,426,722.25,T018
2024-10-14 02:25:13,AMZN,BUY,125,192.45,T003
2024-03-03 22:13:20,MSFT,SELL,403,408.81,T003
2024-02-07 11:52:08,TSLA,SELL,418,266.63,T011
2024-03-30 21:39:57,GOOGL,SELL,41,-132.06,T008
2024-08-18 00:18:30,GOOGL,SELL,86,147.26,T003
2024-09-18 18:36:11,V,SELL,261,272.8,T012
2024-06-24 22:11:48,GOOGL,SELL,44,135.14,T017
2024-04-23 20:43:25,GOOGL,BUY,327,138.21,T015
2024-09-05 23:47:09,NFLX,SELL,456,744.48,T017
2024-05-02 01:24:47,TSLA,SELL,45,255.09,T018
2024-08-24 23:40:46,GOOGL,BUY,431,137.91,T009
2024-09-15 16:19:53,NVDA,BUY,244,836.28,T005
2024-09-14 10:28:31,NFLX,SELL,9,,T001
2024-11-07 21:01:45,NVDA,SELL,191,777.89,T015
2024-10-27 08:30:59,NVDA,BUY,439,797.37,T019
2024-07-05 13:39:38,GOOGL,BUY,68,130.05,T019
2024-05-31 12:32:22,GOOGL,SELL,130,155.11,T020
2024-12-04 13:49:08,NVDA,BUY,426,825.72,T004
2024-10-16 10:48:48,TSLA,SELL,270,175.76,T004
2024-10-12 09:38:47,GOOGL,SELL,239,136.39,T017
2024-12-09 12:53:46,META,SELL,252,489.39,T006
2024-08-18 02:10:41,GOOGL,SELL,269,140.95,T003
2024-08-23 20:31:08,NVDA,SELL,14,883.63,T003
2024-12-14 19:06:06,MSFT,SELL,490,396.43,T020
2024-08-16 04:40:16,V,BUY,499,280.72,T006
2024-05-13 04:01:46,AAPL,BUY,128,176.1,T007
2024-06-26 02:12:21,TSLA,SELL,492,209.6,T013
,JPM,SELL,446,208.94,T004
2024-02-10 18:52:57,META,SELL,404,493.68,T019
2024-11-30 18:25:29,NFLX,BUY,67,600.43,T018
2024-06-26 13:47:06,AMZN,SELL,81,185.05,T012
2024-11-17 02:47:49,AAPL,BUY,242,192.17,T020
2024-10-11 10:41:48,TSLA,BUY,486,184.01,T019
2024-03-07 07:35:19,MSFT,BUY,414,427.45,T007
2024-12-19 00:37:34,AAPL,BUY,441,169.16,T011
2024-01-16 22:42:19,NFLX,BUY,142,,T013
2024-07-11 21:44:53,TSLA,BUY,33,-203.12,T006
2024-01-28 17:46:40,TSLA,SELL,154,197.99,T017
2024-01-29 00:09:54,GOOGL,BUY,346,168.31,T008
2024-03-09 21:53:51,NFLX,SELL,335,681.65,T013
2024-05-05 04:19:13,NVDA,SELL,210,896.45,T005
2024-12-29 02:29:08,,SELL,84,274.19,T013
2024-07-05 13:29:27,AAPL,BUY,30,162.01,T017
2024-09-26 11:00:08,TSLA,SELL,163,247.54,T016
2024-03-15 01:23:06,JPM,SELL,432,188.67,T015
2024-08-24 08:18:51,TSLA,BUY,97,250.17,T015
2024-09-22 14:18:40,V,BUY,368,283.26,T019
2024-03-27 08:56:49,AAPL,BUY,270,169.3,T016
2024-04-20 06:05:12,AMZN,SELL,187,183.04,T004
2024-09-30 03:29:26,JPM,SELL,483,200.66,T009
2024-03-01 18:03:54,V,SELL,391,288.27,T006
2024-08-18 08:50:53,JPM,SELL,52,188.29,T007
2024-09-24 18:21:08,GOOGL,SELL,311,143.04,T003
2024-10-02 10:14:29,AMZN,SELL,243,185.19,T009
2024-10-29 04:02:06,TSLA,SELL,348,212.62,T020
2024-11-28 05:30:52,V,SELL,446,295.47,T006
2024-04-18 06:07:13,AMZN,BUY,286,186.54,T019
2024-10-11 12:58:46,NVDA,BUY,345,816.76,T004
2024-01-18 09:20:47,AAPL,SELL,277,172.19,T019
2024-10-21 09:10:03,TSLA,SELL,124,211.41,T008
2024-08-13 04:51:12,AAPL,SELL,0,189.23,T002
2024-12-13 23:01:35,TSLA,SELL,97,242.17,T005
2024-05-18 00:07:46,NVDA,SELL,386,819.24,T013
2024-10-06 19:11:48,MSFT,SELL,20,381.19,T003
2024-11-05 04:19:00,NVDA,BUY,88,841.48,T006
2024-06-20 09:42:30,V,BUY,307,286.2,T002
2024-08-02 15:28:18,NVDA,BUY,423,708.96,T003
2024-03-16 08:59:35,NVDA,SELL,177,791.32,T020
2024-06-02 20:16:31,NFLX,BUY,179,658.3,T012
2024-07-21 21:58:40,META,SELL,434,525.8,T003
2024-04-09 22:52:44,V,SELL,296,286.65,T012
2024-01-03 13:36:22,NVDA,BUY,297,763.61,T003
2024-12-24 14:22:31,JPM,SELL,46,204.96,T014
2024-12-02 04:56:51,JPM,SELL,295,207.63,T014
2024-04-28 14:09:18,NFLX,SELL,70,615.15,T006
2024-01-26 14:59:33,GOOGL,SELL,199,142.48,T011
2024-11-13 10:05:24,JPM,SELL,0,198.52,T020
2024-06-15 12:13:44,JPM,BUY,377,196.39,T008
2024-09-09 07:36:09,MSFT,SELL,47,403.18,T017
2024-06-22 18:29:53,NVDA,SELL,86,877.54,T003
2024-06-26 11:35:25,GOOGL,SELL,84,147.11,T012
2024-05-02 17:07:06,NFLX,SELL,230,622.91,T018
2024-03-28 15:02:39,,SELL,453,172.59,T012
2024-01-29 17:47:25,GOOGL,SELL,398,131.57,T015
2024-02-27 07:38:20,,SELL,337,159.18,T014
2024-12-18 23:33:55,MSFT,BUY,426,393.64,T014
2024-06-23 16:55:41,TSLA,SELL,321,250.32,T006
2024-03-15 05:53:45,JPM,SELL,319,192.4,T016
2024-04-15 01:54:49,META,BUY,312,466.76,T006
2024-10-31 06:00:26,META,SELL,69,456.36,T017
2024-05-20 19:59:15,NFLX,BUY,249,608.04,T005
2024-09-04 10:01:54,MSFT,SELL,207,-410.72,T014
2024-11-24 21:53:00,AMZN,SELL,431,192.22,T014
2024-03-12 02:00:59,TSLA,SELL,8,195.02,T018
2024-09-07 14:37:08,GOOGL,BUY,26,159.82,T011
2024-04-12 20:33:02,META,BUY,249,514.63,T006
2024-09-12 23:17:12,MSFT,BUY,91,418.01,T016
2024-09-25 05:26:14,NVDA,SELL,294,941.41,T008
2024-11-03 00:40:03,AMZN,BUY,36,209.55,T018
2024-06-04 10:22:43,NFLX,buy,283,705.57,T011
2024-10-27 02:37:59,JPM,SELL,422,195.77,T019
2024-09-16 18:55:23,NVDA,SELL,445,788.4,T002
2024-08-29 15:41:16,JPM,SELL,477,182.74,T002
2024-03-20 10:46:22,V,BUY,122,276.73,T016
2024-07-02 04:02:28,NVDA,SELL,498,795.4,T018
2024-05-15 10:17:17,JPM,SELL,283,196.16,T018
2024-01-13 09:57:36,AAPL,BUY,24,193.01,T019
2024-03-19 10:04:03,NVDA,BUY,304,935.37,T008
2024-10-20 22:40:48,JPM,BUY,147,187.6,T012
2024-03-23 01:20:53,V,SELL,170,284.89,T008
2024-07-18 21:59:13,JPM,SELL,407,200.27,T006
2024-07-14 10:12:09,V,BUY,189,280.8,T006
2024-10-01 07:07:38,AAPL,SELL,472,-167.22,T011
2024-12-02 01:43:33,META,BUY,224,455.77,T001
2024-04-25 16:07:32,V,SELL,485,272.17,T004
2024-09-16 11:10:15,TSLA,BUY,27,179.07,T013
2024-06-18 19:33:10,NFLX,BUY,176,678.62,T016
2024-10-28 19:48:33,AMZN,BUY,443,196.81,T014
2024-02-28 10:22:55,AAPL,BUY,86,195.63,T009
2024-12-13 04:54:53,,SELL,421,494.64,T012
2024-05-21 12:40:09,JPM,BUY,219,184.61,T003
2024-07-30 04:05:01,META,BUY,71,475.58,T005
2024-12-30 12:37:50,MSFT,SELL,245,400.35,T007
2024-03-03 18:54:59,GOOGL,SELL,213,160.99,T016
2024-02-23 05:56:21,NFLX,SELL,39,614.34,T019
2024-04-04 21:15:12,,BUY,299,826.36,T012
2024-11-10 01:26:28,AMZN,SELL,365,180.1,T009
2024-11-15 15:02:04,MSFT,SELL,278,402.47,T012
2024-01-27 18:44:52,JPM,SELL,58,194.63,T012
2024-07-27 06:40:52,GOOGL,BUY,66,174.01,T016
2024-08-03 15:32:03,MSFT,SELL,288,417.06,T001
2024-04-12 11:34:35,GOOGL,SELL,110,141.78,T020
2024-04-14 15:04:52,AAPL,BUY,376,192.95,T003
2024-05-22 04:27:59,NFLX,SELL,38,-684.27,T013
2024-04-04 07:46:13,NFLX,BUY,26,711.13,T017
2024-03-06 05:23:28,GOOGL,BUY,265,160.47,T006
2024-05-30 17:08:11,NFLX,SELL,298,689.11,T018
2024-02-26 00:05:51,GOOGL,SELL,166,138.32,T008
2024-12-26 23:43:21,V,BUY,49,286.69,T002
2024-09-27 16:45:47,JPM,BUY,285,199.07,T006
2024-02-05 14:16:36,V,SELL,130,271.1,T011
2024-03-18 16:22:41,MSFT,SELL,376,424.56,T003
2024-03-08 06:07:38,AMZN,SELL,0,192.88,T005
2024-12-24 18:37:59,JPM,BUY,92,190.92,T002
2024-01-21 12:55:30,META,SELL,472,505.24,T009
2024-06-17 13:38:11,META,BUY,6,527.26,T004
2024-10-22 11:53:12,TSLA,BUY,90,232.46,T020
2024-04-04 01:10:58,NVDA,BUY,281,847.63,T006
2024-10-03 04:51:45,NFLX,SELL,245,600.56,T014
2024-08-26 19:46:24,NVDA,BUY,442,894.79,T005
2024-12-13 14:18:00,META,SELL,69,481.4,T015
2024-06-11 18:09:02,V,SELL,242,291.16,T008
2024-11-09 21:06:41,NVDA,BUY,218,787.63,T005
2024-05-04 08:59:45,V,SELL,447,281.4,T018
2024-06-05 20:06:08,MSFT,SELL,140,385.69,T013
2024-12-10 01:54:22,MSFT,SELL,125,416.17,T016
,V,BUY,51,292.36,T014
2024-07-08 20:50:37,TSLA,SELL,287,268.85,T010
2024-04-20 23:52:50,META,BUY,121,458.78,T014
2024-08-25 08:29:23,AAPL,SELL,18,165.71,T005
2024-06-08 01:56:59,GOOGL,SELL,290,146.79,T008
2024-03-10 15:58:10,NVDA,BUY,429,920.56,T013
2024-07-05 04:55:20,NFLX,BUY,450,614.44,T018
2024-12-20 09:56:22,META,BUY,109,474.26,T007
2024-09-28 19:59:31,NFLX,SELL,254,629.17,T013
2024-10-21 21:54:01,V,BUY,441,284.81,T004
2024-08-25 02:28:06,TSLA,BUY,383,192.6,T013
2024-08-08 03:45:16,MSFT,BUY,313,383.42,T006
2024-09-24 14:45:38,AAPL,SELL,410,168.33,T012
2024-12-01 08:55:54,NFLX,BUY,45,702.98,T004
2024-07-17 10:13:21,NFLX,BUY,159,608.43,T015
2024-09-21 09:25:32,AMZN,SELL,300,188.67,T004
2024-10-14 10:25:17,V,SELL,456,284.62,T003
2024-11-22 00:53:00,NFLX,SELL,76,606.05,T003
2024-06-13 10:33:27,GOOGL,SELL,33,132.15,T004
2024-12-10 19:09:57,JPM,SELL,469,180.75,T020
2024-11-14 20:05:20,META,SELL,160,451.62,T009
2024-10-31 04:34:40,GOOGL,SELL,181,174.86,T013
2024-09-22 19:08:08,MSFT,SELL,20,410.91,T013
2024-09-20 17:51:31,GOOGL,BUY,381,157.72,T018
2024-07-16 04:57:43,JPM,BUY,494,199.75,T016
2024-01-08 02:44:43,AMZN,SELL,112,173.61,T011
2024-10-22 02:26:11,NFLX,BUY,241,606.03,T017
2024-07-26 00:00:31,AAPL,SELL,171,169.9,T016
2024-10-15 06:33:26,NFLX,BUY,468,634.83,T006
2024-01-31 12:34:23,NVDA,BUY,174,740.23,T020
2024-05-16 22:36:02,MSFT,BUY,75,382.75,T002
2024-10-02 02:06:43,NVDA,BUY,106,797.21,T009
2024-09-19 04:05:41,V,SELL,487,276.21,T011
2024-04-11 11:34:34,V,SELL,11,297.96,T014
,NVDA,BUY,391,825.46,T005
2024-09-26 07:31:56,V,BUY,366,292.66,T010
2024-04-10 13:28:40,TSLA,SELL,237,258.25,T008
2024-05-17 23:04:48,TSLA,BUY,296,236.05,T017
2024-08-27 21:23:29,NVDA,BUY,231,707.3,T019
2024-09-22 07:24:58,NVDA,BUY,177,815.77,T001
2024-05-07 12:33:31,NVDA,BUY,411,705.21,T020
2024-05-04 21:30:55,MSFT,SELL,468,391.83,T019
2024-09-10 09:11:15,JPM,BUY,58,204.0,T005
2024-01-20 11:29:20,NFLX,BUY,351,671.33,T009
2024-01-30 03:05:16,  TSLA  ,BUY,85,260.93,T010
2024-07-07 09:21:48,AAPL,BUY,322,185.83,T015
2024-11-12 09:15:35,AMZN,SELL,48,179.32,T019
2024-11-19 05:59:50,GOOGL,SELL,332,139.25,T003
2024-11-10 18:29:46,V,sell,371,283.87,T001
2024-03-03 09:48:48,NFLX,BUY,52,733.46,T011
2024-03-28 23:04:17,NVDA,SELL,181,943.17,T012
2024-02-14 23:21:42,  GOOGL  ,BUY,425,171.28,T018
2024-10-08 02:46:09,NVDA,BUY,247,902.79,T016
2024-12-13 03:37:22,GOOGL,BUY,5,168.31,T005
2024-01-21 19:08:32,AAPL,SELL,421,166.89,T004
2024-05-04 16:46:45,NFLX,BUY,286,737.57,T018
2024-11-07 21:24:07,GOOGL,BUY,188,155.98,T011
2024-05-18 16:42:44,MSFT,BUY,0,403.83,T019
2024-05-24 03:25:02,META,BUY,391,517.63,T009
2024-05-28 13:56:10,NFLX,SELL,15,691.55,T016
2024-06-11 17:32:15,JPM,SELL,289,183.96,T002
2024-06-22 14:34:46,AMZN,BUY,48,206.1,T011
2024-09-06 09:12:37,NFLX,SELL,56,657.15,T008
2024-10-26 06:04:33,TSLA,SELL,317,241.62,T001
2024-11-09 20:48:01,NVDA,SELL,47,941.82,T013
2024-07-23 23:41:58,NFLX,SELL,76,672.07,T008
,NVDA,BUY,188,713.8,T018
2024-11-22 15:20:28,TSLA,SELL,444,249.87,T005
2024-01-11 23:46:26,V,SELL,264,291.72,T017
2024-02-05 02:30:50,AAPL,SELL,450,170.86,T008
2024-07-28 19:32:06,V,BUY,85,276.06,T011
2024-12-25 21:28:17,NVDA,SELL,354,871.52,T004
2024-03-03 04:29:23,MSFT,BUY,210,407.6,T015
2024-02-12 18:55:39,META,BUY,219,482.71,T019
2024-09-16 05:03:58,GOOGL,SELL,48,142.77,T008
2024-02-21 06:06:17,MSFT,BUY,199,416.52,T020
2024-05-28 21:51:47,AMZN,BUY,256,183.19,T018
2024-03-28 03:57:50,TSLA,BUY,491,210.43,T005
2024-08-19 06:20:25,AAPL,BUY,0,196.28,T014
2024-12-15 13:42:27,JPM,BUY,247,200.45,T004
2024-01-30 14:04:57,AAPL,SELL,476,188.04,T017
2024-09-04 11:39:21,TSLA,BUY,347,177.43,T008
2024-08-07 05:20:37,MSFT,SELL,340,405.93,T016
2024-07-04 03:40:32,TSLA,BUY,294,176.76,T002
2024-03-21 04:12:53,GOOGL,BUY,319,170.43,T009
2024-11-19 18:00:38,TSLA,SELL,141,172.41,T001
2024-08-23 13:08:26,NVDA,BUY,448,868.42,T003
2024-01-21 12:58:00,V,BUY,150,292.95,T015
2024-06-08 12:36:10,AMZN,SELL,389,206.54,T017
2024-06-30 11:58:57,NVDA,BUY,445,853.42,T006
2024-09-16 16:45:16,META,SELL,192,484.14,T005
2024-09-06 04:20:02,  JPM  ,SELL,376,180.02,T006
2024-09-07 11:59:35,GOOGL,BUY,388,154.07,T019
2024-08-03 06:17:25,JPM,SELL,32,192.36,T003
2024-08-17 09:04:23,AAPL,BUY,386,198.46,T013
2024-04-08 11:41:55,NFLX,BUY,329,620.76,T016
2024-08-23 11:50:40,AAPL,BUY,476,171.94,T011
2024-04-28 12:27:15,GOOGL,BUY,408,161.37,T019
2024-10-15 05:12:37,AMZN,BUY,243,175.83,T001
2024-02-04 21:05:11,MSFT,BUY,159,410.6,T013
2024-12-12 17:18:47,GOOGL,BUY,53,145.0,T017
2024-12-25 22:57:32,JPM,BUY,227,187.49,T018
2024-02-04 21:03:41,AMZN,SELL,60,172.32,T015
2024-05-28 02:33:42,AMZN,SELL,371,170.85,T005
2024-08-23 04:44:08,  MSFT  ,BUY,339,387.87,T008
2024-08-06 19:40:13,V,SELL,491,,T015
2024-01-22 08:21:56,JPM,SELL,482,190.22,T016
2024-10-09 22:39:20,V,SELL,285,278.98,T018
2024-02-13 12:08:42,MSFT,BUY,277,412.27,T014
2024-04-16 03:54:19,JPM,BUY,68,190.8,T003
2024-09-03 04:25:39,AMZN,BUY,155,197.81,T014
,GOOGL,SELL,263,160.2,T006
2024-08-25 05:27:24,META,BUY,399,463.42,T006
2024-07-03 17:31:21,GOOGL,BUY,147,174.38,T014
2024-05-26 02:49:13,GOOGL,BUY,285,163.51,T002
2024-03-11 23:15:14,MSFT,BUY,377,402.31,T016
2024-09-15 15:06:00,AAPL,SELL,288,180.46,T020
2024-01-05 20:43:56,NVDA,BUY,298,897.29,T016
2024-10-27 17:33:37,JPM,BUY,3,183.02,T018
2024-02-08 22:38:12,NFLX,SELL,192,617.82,T011
2024-04-26 05:12:22,META,BUY,99,482.19,T014
2024-05-08 07:55:25,META,SELL,390,466.93,T013
,JPM,SELL,87,185.05,T005
2024-02-22 08:25:35,AMZN,BUY,376,199.09,T001
2024-06-04 06:45:57,AMZN,BUY,347,208.74,T010
2024-08-26 20:53:18,NVDA,SELL,447,825.45,T002
2024-10-06 03:36:33,TSLA,SELL,373,199.61,T001
2024-05-26 08:57:53,TSLA,BUY,262,182.86,T013
2024-02-14 02:05:16,TSLA,BUY,68,257.84,T001
2024-03-29 03:04:01,GOOGL,SELL,216,140.0,T011
2024-12-04 23:57:58,NFLX,BUY,389,641.73,T006
2024-06-14 09:45:04,GOOGL,BUY,245,174.47,T003
2024-11-29 20:07:09,NFLX,SELL,23,657.45,T011
2024-12-21 04:30:37,NFLX,SELL,209,723.24,T013
2024-03-27 10:46:12,NFLX,BUY,318,720.29,T009
2024-10-30 13:08:39,GOOGL,SELL,263,151.43,T019
2024-05-06 18:49:16,AMZN,SELL,173,189.79,T018
2024-01-28 02:25:21,,BUY,468,482.09,T019
2024-02-07 12:34:16,MSFT,BUY,472,415.58,T008
2024-07-01 08:13:45,NVDA,SELL,32,782.72,T007
2024-12-26 10:20:46,AAPL,SELL,401,167.17,T014
2024-07-15 08:51:38,NFLX,BUY,0,655.92,T008
2024-08-12 15:04:50,NVDA,SELL,217,849.11,T006
2024-10-21 14:04:48,NVDA,BUY,177,768.29,T014
2024-11-02 05:42:29,MSFT,BUY,399,385.61,T007
2024-04-13 06:48:39,AMZN,SELL,271,188.3,T011
2024-12-31 03:57:27,TSLA,SELL,368,271.04,T012
2024-05-07 18:47:06,NVDA,SELL,314,845.25,T009
2024-08-15 17:38:53,META,SELL,346,494.98,T018
2024-03-27 18:47:49,JPM,BUY,383,184.69,T013
2024-11-28 13:50:16,MSFT,BUY,58,417.89,T002
2024-12-15 06:02:13,AMZN,SELL,468,175.75,T012
2024-11-09 16:20:49,NVDA,SELL,26,754.71,T018
2024-03-20 17:32:51,JPM,SELL,100,193.17,T002
2024-11-20 13:01:34,JPM,BUY,240,207.85,T002
2024-09-09 19:31:04,AMZN,BUY,347,204.28,T007
2024-07-01 01:58:28,AAPL,SELL,347,195.96,T018
2024-02-19 22:57:23,MSFT,BUY,339,422.71,T009
2024-01-15 09:50:18,AMZN,BUY,236,199.5,T004
2024-10-17 00:04:04,META,SELL,301,503.64,T005
2024-11-08 22:14:54,AMZN,BUY,196,-195.23,T012
2024-03-24 18:36:01,META,SELL,409,464.55,T009
2024-08-04 23:07:30,AAPL,BUY,64,182.14,T002
2024-06-26 11:35:25,GOOGL,SELL,84,147.11,T012
2024-08-20 02:23:15,AMZN,SELL,91,184.9,T016
2024-01-29 12:09:57,GOOGL,BUY,163,142.83,T016
2024-10-13 21:46:54,V,BUY,286,286.14,T013
2024-01-03 05:35:22,AAPL,SELL,136,166.59,T015
2024-04-27 07:10:36,NFLX,SELL,472,725.7,T003
2024-05-12 15:17:59,AMZN,SELL,470,183.22,T016
2024-06-01 00:03:13,AAPL,BUY,372,171.67,T018
2024-11-25 23:45:29,TSLA,BUY,48,269.59,T014
2024-05-20 18:51:40,V,SELL,350,298.05,T010
2024-10-25 20:23:15,NFLX,SELL,282,711.38,T017
2024-10-17 05:30:24,MSFT,SELL,397,395.02,T011
2024-08-17 22:09:33,NFLX,BUY,4,683.09,T003
2024-11-20 11:35:46,TSLA,SELL,0,252.72,T003
2024-07-07 12:38:50,TSLA,SELL,383,270.55,T011
2024-10-31 10:30:28,V,SELL,182,275.24,T011
2024-10-21 08:22:19,GOOGL,SELL,469,163.61,T008
2024-01-31 02:54:18,NVDA,SELL,307,897.27,T016
2024-11-05 00:12:53,MSFT,SELL,306,411.37,T003
2024-10-16 12:58:33,V,BUY,187,290.61,T014
2024-08-08 10:04:38,JPM,BUY,239,200.08,T009
2024-01-12 15:14:19,JPM,SELL,269,196.45,T003
2024-06-12 03:38:04,V,BUY,199,282.38,T008
2024-12-24 23:42:23,GOOGL,SELL,320,172.7,T011
2024-03-31 22:16:13,TSLA,BUY,370,203.73,T007
2024-03-16 02:38:38,AAPL,BUY,486,175.93,T015
2024-04-17 06:49:17,JPM,BUY,81,200.13,T009
,META,BUY,357,492.16,T007
2024-06-21 08:19:17,NVDA,BUY,108,759.49,T019
2024-12-19 02:33:54,META,BUY,83,466.94,T006
2024-04-14 04:10:50,AMZN,BUY,0,195.02,T008
2024-09-22 17:12:17,NFLX,SELL,387,641.33,T007
2024-08-15 05:59:27,AMZN,SELL,243,182.25,T018
2024-08-02 12:41:14,V,SELL,319,292.51,T005
2024-11-19 05:36:43,META,SELL,363,500.85,T005
2024-08-26 15:03:04,NVDA,BUY,97,726.74,T004
2024-03-10 08:56:32,NFLX,SELL,260,600.7,T004
2024-02-23 14:52:00,MSFT,SELL,403,401.08,T016
2024-04-16 05:52:09,GOOGL,BUY,215,159.81,T004
2024-11-12 12:22:44,JPM,SELL,198,201.16,T005
2024-08-24 23:59:00,JPM,BUY,161,186.12,T011
2024-05-06 11:39:32,AMZN,BUY,390,175.85,T013
2024-06-03 19:09:16,NVDA,SELL,16,905.42,T013
2024-09-17 21:43:13,GOOGL,BUY,392,172.53,T001
2024-01-08 18:31:46,JPM,BUY,174,209.0,T002
2024-06-03 10:36:27,AAPL,BUY,157,182.91,T007
2024-08-26 07:46:12,GOOGL,BUY,126,153.55,T016
2024-10-16 17:48:07,META,BUY,267,481.53,T004
2024-05-01 05:18:20,JPM,SELL,12,194.96,T003
2024-08-01 07:07:54,NFLX,BUY,350,629.97,T018
2024-09-29 08:00:08,  META  ,SELL,118,519.99,T016
2024-05-04 22:39:41,NFLX,SELL,208,659.14,T013
2024-06-16 18:16:20,AAPL,SELL,36,173.89,T017
2024-10-24 02:56:13,META,SELL,119,453.23,T003
2024-05-13 16:03:16,  AMZN  ,SELL,497,203.55,T011
2024-07-28 03:47:19,AAPL,BUY,96,166.09,T004
2024-01-12 08:50:24,TSLA,SELL,295,181.89,T013
2024-03-05 19:16:55,NVDA,SELL,425,798.69,T013
2024-03-06 10:19:32,META,SELL,10,510.01,T008
2024-01-28 14:56:57,GOOGL,BUY,135,130.75,T007
2024-06-09 12:42:17,AMZN,SELL,83,184.32,T002
2024-01-02 15:48:00,MSFT,SELL,104,402.06,T005
2024-12-08 02:41:25,TSLA,SELL,233,246.42,T016
2024-09-22 18:03:46,V,SELL,272,273.59,T010
2024-12-24 05:09:27,META,SELL,31,507.36,T001
2024-08-05 01:38:39,TSLA,SELL,439,258.45,T013
2024-08-11 12:12:21,GOOGL,SELL,295,140.67,T010
2024-01-27 21:42:10,META,BUY,141,498.66,T020
2024-02-23 09:59:01,NFLX,SELL,61,612.71,T008
2024-06-08 23:34:48,GOOGL,SELL,165,151.15,T004
2024-06-07 23:46:17,MSFT,BUY,307,395.4,T004
2024-10-13 16:47:08,NVDA,BUY,250,834.56,T008
2024-02-07 14:05:36,V,SELL,338,292.57,T005
,JPM,SELL,153,187.35,T015
2024-02-20 20:27:39,V,BUY,428,281.79,T001
2024-07-17 03:28:19,NFLX,SELL,279,660.12,T002
2024-11-06 14:40:59,META,BUY,198,480.51,T009
2024-03-17 09:30:13,V,BUY,292,281.56,T006
2024-08-10 22:11:38,AMZN,SELL,237,184.71,T010
2024-08-26 09:33:08,META,SELL,85,518.88,T020
2024-06-04 14:13:59,,BUY,49,139.48,T003
2024-05-07 08:02:02,,BUY,118,276.59,T002
2024-11-24 23:55:16,AAPL,BUY,29,173.21,T009
2024-05-23 12:17:00,META,BUY,0,511.11,T002
2024-09-10 15:55:03,NFLX,SELL,95,670.31,T013
2024-06-18 02:02:09,META,SELL,172,526.49,T009
2024-10-05 12:13:12,TSLA,SELL,121,218.39,T009
2024-04-14 12:25:22,AAPL,BUY,370,183.88,T002
2024-10-27 10:06:51,NVDA,BUY,388,840.79,T011
2024-10-22 07:49:55,AAPL,BUY,10,195.68,T001
2024-09-14 11:45:39,JPM,SELL,356,189.85,T019
2024-08-15 17:01:33,MSFT,BUY,470,396.67,T012
2024-01-29 22:33:34,META,SELL,273,494.49,T015
2024-05-09 21:15:15,NFLX,SELL,66,673.08,T008
2024-12-07 19:01:24,MSFT,BUY,151,422.03,T004
2024-09-08 22:51:13,,SELL,0,140.62,T013
2024-07-03 05:49:51,V,BUY,63,271.95,T009
2024-08-18 08:43:37,MSFT,SELL,180,417.62,T014
2024-07-17 13:57:29,META,SELL,421,524.74,T001
2024-05-14 13:10:32,,SELL,232,180.94,T005
2024-09-29 15:31:24,NFLX,BUY,315,,T006
2024-01-05 06:45:09,MSFT,SELL,434,401.24,T008
2024-10-10 09:36:11,GOOGL,SELL,178,154.73,T009
2024-05-29 23:04:16,GOOGL,BUY,255,157.43,T019
2024-11-29 10:40:03,NVDA,BUY,383,883.95,T008
2024-07-01 17:50:29,MSFT,BUY,328,392.67,T015
2024-10-12 19:35:16,AAPL,BUY,47,183.18,T010
2024-04-15 10:24:20,GOOGL,SELL,278,155.77,T002
2024-10-03 15:51:27,AMZN,SELL,1,180.19,T017
2024-11-22 00:36:53,NVDA,SELL,167,784.34,T004
2024-11-28 10:39:15,NFLX,SELL,404,619.59,T011
2024-03-26 03:32:52,GOOGL,BUY,281,130.86,T020
2024-03-26 23:26:00,AAPL,BUY,121,194.55,T014
2024-11-07 18:21:10,GOOGL,BUY,33,152.37,T007
2024-10-21 14:17:07,V,HOLD,102,298.17,T020
2024-09-20 20:31:31,GOOGL,SELL,315,171.41,T001
2024-05-14 13:04:29,V,BUY,496,295.86,T005
2024-04-21 21:03:57,AAPL,BUY,266,189.05,T005
2024-09-26 06:08:55,AAPL,SELL,471,190.86,T018
2024-02-22 20:05:04,AMZN,SELL,452,190.24,T003
2024-11-09 17:56:24,AAPL,BUY,157,173.73,T015
2024-04-03 03:05:16,META,SELL,416,500.02,T002
2024-01-07 03:49:18,JPM,SELL,241,183.08,T016
2024-07-09 18:04:58,MSFT,SELL,324,418.95,T006
2024-11-01 16:41:52,AAPL,SELL,252,185.36,T008
2024-07-14 04:55:36,AAPL,SELL,0,189.43,T018
2024-07-31 21:11:21,AMZN,BUY,332,187.01,T005
2024-03-21 11:09:52,AMZN,SELL,0,198.7,T016
2024-05-30 15:40:40,NFLX,SELL,315,605.66,T017
2024-02-07 14:16:21,AAPL,BUY,431,182.09,T004
2024-09-01 23:35:23,NFLX,SELL,78,648.48,T015
2024-06-05 12:10:57,NVDA,SELL,113,924.46,T005
2024-05-15 22:24:10,AAPL,BUY,487,169.32,T011
2024-07-24 09:19:04,AAPL,BUY,351,176.45,T015
2024-09-29 09:10:30,,BUY,79,396.34,T002
2024-05-28 20:30:22,NFLX,SELL,420,701.49,T012
2024-03-17 22:36:22,AMZN,SELL,477,194.25,T013
2024-06-26 23:05:02,NVDA,BUY,21,817.42,T011
2024-04-14 01:50:40,META,BUY,27,454.35,T006
2024-03-08 17:29:08,JPM,SELL,394,193.84,T012
2024-02-27 01:06:23,TSLA,BUY,421,255.31,T017
2024-01-31 00:31:16,AMZN,BUY,151,176.51,T001
2024-10-23 12:04:06,JPM,SELL,349,202.63,T019
2024-10-20 06:21:44,GOOGL,SELL,362,168.91,T011
2024-12-02 12:34:35,AAPL,BUY,126,161.76,T002
2024-11-03 21:16:11,AAPL,SELL,28,171.36,T015
2024-09-15 15:55:29,NFLX,BUY,122,609.34,T010
2024-02-13 23:05:19,META,SELL,299,476.5,T010
2024-07-19 02:34:37,NVDA,BUY,194,881.72,T018
2024-01-15 20:27:22,JPM,BUY,332,206.5,T010
2024-11-12 06:26:24,MSFT,BUY,452,428.81,T014
2024-06-20 13:30:09,META,SELL,164,488.09,T003
2024-06-19 05:31:03,MSFT,BUY,148,406.52,T015
2024-04-09 00:10:08,AAPL,BUY,318,160.52,T015
2024-07-23 00:31:55,NVDA,SELL,316,744.03,T018
2024-07-25 07:46:34,V,SELL,494,,T007
2024-10-26 09:42:57,TSLA,BUY,392,273.99,T009
2024-06-03 17:20:36,JPM,BUY,258,188.97,T019
2024-12-28 00:33:05,GOOGL,BUY,313,152.13,T013
2024-06-27 05:30:27,META,BUY,267,474.95,T016
2024-10-23 16:39:33,NVDA,BUY,228,944.58,T006
2024-12-02 20:02:57,V,BUY,72,276.52,T017
2024-06-04 08:43:07,AAPL,SELL,121,176.6,T013
2024-05-30 14:09:53,MSFT,BUY,154,407.72,T013
2024-04-13 23:25:54,META,SELL,336,520.23,T016
2024-08-20 22:04:02,META,SELL,285,472.37,T001
2024-04-27 19:23:36,NVDA,SELL,401,768.99,T003
2024-09-01 03:46:11,TSLA,SELL,103,260.63,T004
2024-11-13 10:50:03,MSFT,SELL,0,383.0,T004
2024-12-08 06:52:52,JPM,BUY,450,193.71,T008
2024-05-10 12:47:53,NFLX,BUY,23,710.28,T012
2024-05-24 14:23:00,JPM,SELL,40,181.13,T003
2024-05-28 13:12:23,NFLX,SELL,254,715.7,T002
2024-01-26 20:38:01,AMZN,SELL,256,189.57,T018
2024-06-20 08:56:14,TSLA,SELL,203,254.18,T001
2024-12-08 09:08:33,AMZN,BUY,44,172.32,T016
2024-06-19 11:17:26,NVDA,SELL,279,896.08,T008
2024-08-29 15:25:04,NVDA,SELL,409,721.42,T008
2024-02-02 05:36:26,JPM,BUY,126,192.3,T018
2024-03-06 00:31:50,MSFT,SELL,488,415.07,T012
2024-10-04 10:26:25,TSLA,BUY,12,,T011
2024-07-20 13:13:23,META,SELL,418,524.67,T018
2024-05-03 08:30:08,MSFT,SELL,62,402.48,T018
2024-03-20 23:31:30,MSFT,SELL,424,385.43,T005
2024-11-12 13:12:23,JPM,BUY,33,198.95,T015
2024-03-05 00:25:26,JPM,SELL,12,186.32,T008
2024-12-11 22:32:30,JPM,BUY,257,203.78,T005
2024-01-30 01:31:54,NFLX,SELL,314,636.72,T011
2024-11-14 17:48:45,META,SELL,214,477.83,T004
2024-09-28 07:50:46,TSLA,SELL,373,188.43,T019
2024-02-24 20:01:16,META,sell,147,513.31,T016
2024-09-09 05:42:17,TSLA,BUY,465,205.33,T003
2024-07-18 18:32:48,,SELL,86,411.16,T011
2024-05-15 14:24:18,MSFT,SELL,328,383.69,T014
2024-02-19 09:25:49,,SELL,189,170.58,T009
2024-06-06 00:21:50,GOOGL,SELL,38,167.0,T019
2024-09-25 01:10:52,NFLX,SELL,472,707.16,T005
2024-10-05 16:39:22,,SELL,115,294.09,T011
2024-02-17 02:51:56,V,SELL,59,291.56,T004
2024-05-27 04:43:59,META,SELL,96,494.24,T019
2024-10-24 19:15:52,NVDA,BUY,159,846.61,T014
2024-03-02 08:15:03,NVDA,BUY,241,917.73,T009
2024-07-07 06:53:05,V,SELL,102,273.66,T012
2024-05-27 16:24:20,GOOGL,HOLD,417,143.93,T005
2024-05-31 21:30:52,GOOGL,BUY,190,158.88,T013
2024-07-26 07:49:12,NVDA,BUY,50,869.62,T018
2024-02-08 22:57:43,GOOGL,SELL,434,134.17,T012
2024-09-28 19:59:31,NFLX,SELL,254,629.17,T013
2024-03-25 12:00:05,TSLA,BUY,424,252.21,T018
2024-09-28 00:57:23,MSFT,SELL,364,405.19,T004
,TSLA,BUY,488,260.21,T013
2024-10-19 11:08:15,NVDA,BUY,474,943.46,T008
2024-07-15 13:49:16,NFLX,BUY,304,680.02,T019
2024-09-04 11:20:19,NVDA,BUY,207,813.0,T017
2024-05-18 12:35:44,META,BUY,359,482.99,T009
2024-05-28 22:19:51,META,SELL,226,517.33,T011
2024-01-19 09:48:14,AAPL,BUY,454,171.74,T002
2024-05-25 07:05:22,TSLA,BUY,228,173.6,T015
2024-01-15 01:43:31,NFLX,BUY,148,670.49,T010
2024-03-19 17:31:31,TSLA,BUY,0,194.71,T002
2024-03-25 18:47:56,NVDA,BUY,141,743.2,T009
2024-02-06 12:17:01,TSLA,BUY,414,263.77,T010
2024-07-05 04:55:20,NFLX,BUY,450,614.44,T018
2024-06-12 00:31:22,GOOGL,BUY,398,155.11,T017
2024-02-29 04:55:20,AAPL,BUY,478,195.86,T002
2024-08-27 04:38:38,META,SELL,435,483.75,T003
2024-03-29 09:11:26,NFLX,SELL,266,708.57,T017
2024-02-27 10:57:20,TSLA,SELL,469,264.33,T002
2024-06-03 23:24:38,TSLA,SELL,455,236.59,T015
2024-02-25 03:33:28,JPM,SELL,188,190.67,T019
2024-10-29 06:51:05,JPM,SELL,250,193.36,T018
2024-09-09 22:35:30,JPM,BUY,256,208.41,T010
2024-01-13 08:13:37,GOOGL,SELL,477,146.87,T004
2024-09-03 08:03:55,NVDA,BUY,35,734.37,T005
2024-07-22 14:56:31,GOOGL,BUY,214,162.85,T008
2024-02-10 13:55:31,AMZN,BUY,229,178.24,T020
2024-10-23 06:52:29,JPM,BUY,2,183.42,T011
2024-06-27 11:49:05,AAPL,SELL,31,168.75,T020
2024-02-21 21:52:39,V,BUY,242,283.31,T002
2024-11-13 01:21:11,AAPL,SELL,92,170.33,T015
2024-04-03 19:10:59,META,SELL,9,513.2,T006
2024-10-20 18:28:45,NVDA,BUY,114,942.76,T014
2024-12-06 14:44:16,MSFT,SELL,376,417.49,T004
2024-11-26 17:31:53,V,SELL,191,298.74,T020
2024-07-09 20:41:42,JPM,SELL,334,196.78,T019
2024-07-13 02:26:57,META,SELL,189,527.9,T017
2024-08-11 07:01:37,NFLX,BUY,248,608.73,T020
2024-01-22 01:10:31,AMZN,SELL,485,175.64,T013
2024-02-11 05:42:20,META,BUY,146,494.36,T003
2024-03-05 20:31:17,V,SELL,195,291.87,T009
2024-12-30 07:32:06,META,SELL,148,494.84,T004
2024-09-07 10:57:53,TSLA,SELL,456,219.98,T005
2024-09-21 17:38:36,,BUY,380,283.75,T019
2024-10-09 19:07:08,META,BUY,27,457.4,T009
2024-08-21 10:20:52,TSLA,BUY,485,248.28,T006
2024-06-27 18:43:48,TSLA,SELL,136,240.88,T015
2024-08-10 10:53:39,NFLX,SELL,225,712.34,T004
2024-11-08 20:38:06,  JPM  ,BUY,391,202.72,T008
2024-08-08 00:20:03,V,SELL,244,284.7,T001
2024-12-25 21:10:09,V,BUY,349,281.91,T001
2024-07-07 10:49:08,TSLA,BUY,413,269.98,T003
2024-02-11 14:59:46,TSLA,BUY,136,272.49,T004
2024-03-16 03:12:41,V,SELL,393,294.57,T018
2024-10-23 23:03:42,NFLX,BUY,150,604.63,T002
2024-12-15 06:37:58,NFLX,SELL,30,632.85,T016
2024-03-11 20:46:09,META,SELL,303,486.07,T007
2024-02-01 06:07:26,META,BUY,272,485.52,T012
2024-06-11 22:40:19,JPM,BUY,60,183.14,T005
2024-09-14 20:37:15,AAPL,SELL,340,162.66,T012
2024-02-17 07:26:07,AMZN,SELL,158,172.48,T006
2024-04-23 12:06:08,TSLA,BUY,400,194.73,T015
2024-08-26 18:59:10,AMZN,BUY,234,209.36,T014
2024-06-11 04:38:02,META,SELL,156,520.41,T015
2024-12-29 11:30:50,GOOGL,BUY,352,130.18,T020
2024-08-27 01:34:54,AAPL,SELL,311,190.5,T019
2024-10-28 20:41:32,NVDA,SELL,237,921.1,T006
2024-03-05 05:32:23,JPM,BUY,110,203.49,T017
2024-10-12 04:42:30,AMZN,BUY,53,185.32,T011
2024-08-14 15:20:59,AMZN,SELL,239,187.2,T015
2024-07-17 13:26:10,V,BUY,446,292.86,T010
2024-12-22 03:48:56,  META  ,SELL,426,492.47,T006
2024-05-27 16:47:01,NFLX,BUY,84,619.66,T006
2024-03-18 16:43:28,V,BUY,151,292.15,T015
2024-08-06 05:42:11,AMZN,SELL,413,182.67,T015
2024-09-23 01:41:48,JPM,SELL,154,185.87,T019
2024-09-27 05:28:18,TSLA,SELL,132,254.63,T006
2024-12-04 20:18:26,META,BUY,375,496.56,T015
2024-04-16 15:53:19,META,BUY,483,493.95,T010
2024-03-10 14:35:02,META,BUY,68,509.8,T018
2024-08-19 05:11:50,NFLX,BUY,338,626.19,T015
2024-06-28 21:38:57,META,SELL,332,456.44,T007
2024-11-10 20:13:00,TSLA,BUY,342,237.28,T018
2024-08-11 15:30:43,AAPL,SELL,240,174.44,T018
2024-08-20 15:31:04,V,SELL,487,299.64,T015
2024-01-18 00:42:10,V,BUY,20,282.04,T005
2024-01-06 23:57:32,V,BUY,272,286.55,T009
2024-12-23 11:37:18,  V  ,BUY,269,284.65,T002
2024-05-22 22:49:30,MSFT,SELL,491,408.28,T014
2024-06-13 04:57:33,AAPL,SELL,479,184.78,T009
2024-01-30 13:32:36,V,SELL,361,295.82,T013
2024-01-16 07:33:12,NFLX,BUY,394,654.03,T010
2024-03-06 16:26:12,NFLX,SELL,23,721.36,T014
2024-04-26 05:12:22,META,BUY,99,482.19,T014
2024-08-02 23:32:58,MSFT,SELL,259,419.62,T011
2024-06-26 12:24:58,NVDA,SELL,213,-784.73,T004
2024-09-24 04:41:34,NFLX,BUY,247,642.4,T003
2024-08-13 01:12:33,NFLX,BUY,417,619.67,T004
2024-01-08 18:41:18,JPM,BUY,368,197.9,T005
2024-12-15 04:53:29,V,SELL,235,282.39,T003
2024-03-19 08:21:54,TSLA,BUY,499,206.56,T015
2024-08-27 01:34:54,AAPL,SELL,311,190.5,T019
2024-07-20 12:09:42,META,BUY,34,515.68,T010
2024-07-10 16:05:55,JPM,SELL,444,-206.01,T015
2024-04-25 06:07:10,NVDA,SELL,296,719.7,T007
2024-06-22 19:01:33,NVDA,SELL,229,741.66,T002
2024-01-19 17:21:35,META,SELL,226,464.93,T015
2024-10-16 22:04:49,TSLA,SELL,212,201.31,T007
2024-07-02 13:55:23,MSFT,SELL,316,417.94,T001
2024-12-13 04:38:56,TSLA,BUY,484,266.65,T018
2024-11-27 08:13:38,GOOGL,BUY,417,170.14,T019
2024-05-03 09:54:21,AMZN,BUY,136,196.79,T013
2024-09-21 21:27:00,GOOGL,SELL,270,142.75,T010
2024-07-08 15:02:24,JPM,SELL,468,196.34,T019
2024-12-27 12:47:25,MSFT,BUY,407,415.59,T012
2024-03-31 00:38:43,GOOGL,SELL,163,137.29,T010
2024-07-29 19:10:56,GOOGL,SELL,314,-160.78,T002
2024-08-28 03:56:26,TSLA,SELL,124,217.22,T019
2024-04-25 14:15:18,META,SELL,436,470.84,T004
2024-01-21 16:08:09,TSLA,SELL,293,196.13,T018
2024-11-14 12:38:19,JPM,SELL,180,186.67,T010
2024-12-01 11:57:07,V,SELL,61,273.99,T006
2024-03-09 15:40:37,V,SELL,468,281.3,T018
2024-11-14 12:39:29,,BUY,433,516.02,T015
2024-11-30 14:47:47,TSLA,BUY,70,233.0,T014
2024-04-03 11:47:49,MSFT,SELL,242,407.43,T020
2024-10-18 00:54:17,,SELL,114,917.63,T011
2024-06-09 08:15:53,AMZN,SELL,339,208.98,T010
2024-11-21 04:22:54,TSLA,BUY,156,214.67,T010
2024-06-17 01:07:03,NFLX,BUY,312,633.92,T009
2024-12-01 04:41:58,NVDA,BUY,154,903.87,T011
2024-12-16 09:47:44,GOOGL,SELL,45,150.34,T011
2024-10-17 01:37:47,NVDA,SELL,459,922.37,T013
2024-06-17 18:02:16,AAPL,BUY,452,193.89,T009
2024-09-30 10:49:41,AAPL,BUY,98,182.9,T001
2024-06-06 02:23:25,V,BUY,450,299.44,T015
2024-07-11 03:49:03,TSLA,BUY,63,246.34,T005
2024-03-06 08:12:54,V,BUY,166,274.59,T008
2024-09-25 11:58:50,JPM,SELL,485,196.05,T016
2024-10-08 03:04:12,AMZN,SELL,139,186.65,T003
2024-01-10 01:30:23,GOOGL,BUY,354,159.41,T004
2024-05-13 17:11:10,JPM,BUY,417,191.51,T019
2024-10-17 04:52:15,JPM,SELL,231,206.92,T009
2024-02-25 08:17:52,GOOGL,BUY,388,139.79,T005
2024-01-20 04:10:58,META,BUY,253,506.17,T005
2024-03-26 20:09:44,NVDA,BUY,371,842.27,T011
2024-02-08 10:20:12,NFLX,BUY,118,746.6,T007
2024-04-20 13:24:08,NFLX,BUY,166,652.62,T010
2024-02-22 04:19:43,META,SELL,264,528.03,T018
2024-08-27 21:39:03,AAPL,BUY,413,173.27,T005
2024-11-13 01:49:14,NFLX,SELL,50,619.77,T015
2024-11-07 01:43:11,AMZN,SELL,182,193.03,T006
2024-12-17 08:08:03,TSLA,BUY,1,176.87,T018
2024-04-12 06:43:25,JPM,SELL,185,202.34,T018
2024-04-20 07:34:36,GOOGL,BUY,174,-173.63,T013
2024-05-24 12:54:05,NFLX,BUY,298,672.49,T016
2024-11-02 13:10:48,NFLX,SELL,445,716.93,T018
2024-04-11 20:18:35,JPM,BUY,485,183.84,T011
,,SELL,109,184.97,T005
2024-02-12 15:49:08,AMZN,SELL,367,194.56,T009
2024-09-30 04:32:42,NFLX,BUY,495,699.14,T015
2024-03-02 06:56:36,GOOGL,SELL,365,133.69,T005
2024-10-12 02:18:10,TSLA,SELL,80,216.53,T007
2024-02-04 15:28:14,V,BUY,369,298.44,T014
2024-01-22 18:45:09,AMZN,BUY,212,195.52,T011
2024-04-02 02:54:52,META,BUY,484,486.22,T007
2024-07-09 00:00:12,AMZN,SELL,110,176.65,T013
2024-11-30 19:19:06,TSLA,BUY,204,197.61,T004
2024-04-01 16:40:37,TSLA,BUY,146,222.49,T020
2024-01-04 05:25:58,META,SELL,141,500.76,T007
2024-09-07 15:03:32,GOOGL,SELL,337,131.43,T016
2024-11-11 21:31:53,AAPL,BUY,165,177.99,T020
2024-10-04 05:11:31,TSLA,SELL,241,245.29,T008
2024-01-29 03:09:44,JPM,BUY,194,197.9,T013
2024-03-23 00:48:35,META,SELL,158,527.17,T015
2024-01-25 02:36:13,TSLA,BUY,383,193.95,T011
2024-05-28 13:28:14,META,BUY,389,479.49,T014
2024-10-25 19:31:52,MSFT,SELL,192,418.45,T013
2024-09-08 00:47:21,V,BUY,426,280.16,T015
2024-12-04 06:21:04,GOOGL,SELL,119,130.86,T013
2024-09-17 21:42:51,NVDA,BUY,269,746.83,T012
2024-03-25 21:39:36,V,SELL,232,291.63,T008
2024-11-03 22:12:57,AAPL,SELL,260,196.9,T010
2024-05-04 12:24:43,,BUY,231,135.64,T015
2024-03-28 10:29:36,GOOGL,BUY,373,150.34,T017
2024-03-12 21:06:05,JPM,SELL,326,207.48,T016
2024-05-27 12:38:08,AAPL,SELL,54,190.36,T007
2024-07-22 02:01:54,META,SELL,77,514.32,T020
2024-03-07 09:43:57,GOOGL,BUY,321,172.67,T003
2024-09-29 13:39:43,TSLA,SELL,63,218.19,T001
2024-12-20 23:25:53,JPM,SELL,8,182.99,T005
2024-06-14 09:03:22,AMZN,,265,180.52,T020
2024-09-28 18:17:12,TSLA,SELL,71,272.63,T004
2024-07-28 12:06:50,META,BUY,99,459.56,T007
2024-07-13 13:21:20,JPM,BUY,53,189.48,T013
2024-10-14 20:22:01,TSLA,SELL,227,195.23,T005
2024-08-16 11:22:26,MSFT,BUY,80,419.0,T004
2024-01-12 01:54:32,GOOGL,SELL,464,149.97,T017
2024-04-28 22:12:14,META,BUY,269,486.15,T010
2024-04-18 07:42:35,META,BUY,36,508.59,T017
2024-01-05 09:32:52,TSLA,SELL,383,206.09,T014
2024-01-04 18:38:51,V,BUY,352,279.72,T011
2024-02-25 05:07:36,MSFT,BUY,442,390.34,T005
2024-11-27 07:12:37,AMZN,BUY,325,199.91,T013
2024-03-08 15:40:54,MSFT,BUY,18,406.34,T012
2024-11-29 03:35:30,NVDA,BUY,71,713.52,T007
2024-11-17 14:54:05,NVDA,BUY,367,753.9,T011
2024-04-04 17:28:53,JPM,SELL,331,196.66,T016
2024-07-29 21:14:59,  JPM  ,BUY,488,180.58,T012
2024-04-19 03:41:12,V,BUY,159,288.48,T003
2024-08-05 22:21:38,NVDA,SELL,92,838.03,T012
2024-03-15 09:10:05,TSLA,BUY,68,186.72,T006
2024-10-21 16:46:26,TSLA,BUY,220,249.86,T003
2024-04-10 17:37:40,NVDA,BUY,305,919.14,T002
2024-04-15 16:40:45,TSLA,BUY,78,194.89,T004
2024-11-18 23:35:52,AMZN,BUY,335,182.0,T002
2024-12-07 16:49:10,META,BUY,0,468.95,T017
2024-10-01 05:44:40,META,SELL,453,503.96,T004
2024-11-20 10:10:33,JPM,BUY,48,182.01,T014
2024-09-02 20:35:31,NFLX,SELL,316,-733.69,T012
2024-03-20 09:34:17,NFLX,SELL,161,742.09,T006
2024-05-31 12:33:11,GOOGL,BUY,84,142.83,T019
2024-08-29 13:08:44,JPM,BUY,125,207.22,T005
2024-12-19 13:11:02,JPM,SELL,193,206.09,T003
2024-02-01 05:54:29,GOOGL,SELL,130,135.71,T005
2024-01-23 13:43:09,MSFT,SELL,358,393.72,T005
2024-05-10 03:26:03,JPM,SELL,181,197.22,T010
2024-07-12 14:14:53,AAPL,SELL,147,162.02,T018
2024-05-05 22:01:25,GOOGL,BUY,170,163.81,T009
2024-05-06 06:56:05,  NFLX  ,BUY,392,681.88,T002
2024-12-18 00:15:27,,BUY,316,869.33,T019
2024-11-05 21:45:18,META,SELL,300,451.21,T004
2024-11-18 08:27:31,NVDA,BUY,6,737.16,T006
2024-10-02 01:07:08,AMZN,SELL,387,206.46,T019
2024-05-07 16:26:52,NFLX,SELL,306,682.25,T017
2024-01-13 16:01:51,TSLA,SELL,173,217.94,T013
2024-05-03 10:24:35,GOOGL,BUY,0,141.77,T017
2024-03-11 20:39:32,MSFT,BUY,0,423.44,T010
2024-10-31 19:07:11,AMZN,BUY,387,196.01,T001
2024-07-19 17:37:40,TSLA,BUY,443,241.67,T001
2024-10-04 01:09:19,,BUY,160,719.9,T018
2024-09-14 18:59:18,GOOGL,SELL,315,131.45,T001
2024-09-30 06:29:14,NVDA,SELL,464,766.61,T013
2024-12-23 15:01:26,NVDA,SELL,404,745.84,T011
2024-02-24 15:38:15,META,buy,397,520.48,T005
2024-04-13 13:41:42,NVDA,BUY,190,722.04,T003
2024-11-17 06:41:33,AMZN,SELL,191,175.23,T003
2024-09-17 09:46:11,AMZN,BUY,182,197.28,T018
2024-10-20 06:21:44,GOOGL,SELL,362,168.91,T011
2024-04-17 19:09:19,META,SELL,422,506.37,T015
2024-08-16 04:38:40,TSLA,SELL,3,184.31,T011
2024-08-30 13:53:39,NVDA,BUY,313,776.35,T004
2024-03-27 07:21:13,AAPL,BUY,259,161.19,T020
2024-10-11 05:09:41,META,BUY,382,-462.69,T018
2024-08-30 02:03:46,META,SELL,367,494.81,T012
2024-09-20 21:03:06,META,SELL,313,493.7,T016
2024-12-14 14:03:10,V,SELL,335,277.82,T005
2024-07-30 00:31:41,GOOGL,BUY,339,152.85,T011
2024-03-23 08:22:05,V,SELL,200,289.98,T010
2024-06-10 11:31:04,JPM,HOLD,80,189.24,T010
2024-12-13 03:34:45,NVDA,BUY,297,729.97,T020
2024-11-21 19:32:47,JPM,BUY,419,198.34,T004
2024-10-25 01:10:13,MSFT,BUY,459,398.8,T004
2024-09-30 10:22:40,NFLX,SELL,97,667.92,T011
2024-08-02 23:50:41,META,SELL,457,506.76,T010
2024-05-17 23:24:54,AAPL,BUY,289,188.14,T007
2024-05-07 11:29:44,META,SELL,212,494.01,T014
2024-03-29 15:49:51,,BUY,174,183.63,T001
2024-06-17 15:47:30,TSLA,BUY,126,209.43,T017
2024-04-24 13:59:37,,SELL,496,942.18,T019
2024-08-03 00:59:54,JPM,BUY,49,196.68,T015
2024-03-10 05:50:19,AAPL,,437,163.99,T010
2024-01-26 10:12:16,JPM,SELL,53,195.04,T011
2024-10-16 06:28:22,NFLX,BUY,9,729.61,T009
2024-06-04 11:48:20,V,SELL,258,285.31,T001
2024-12-25 15:12:31,V,BUY,307,298.6,T011
2024-01-06 14:00:30,META,SELL,233,492.8,T017
2024-02-24 09:50:59,V,BUY,142,292.39,T014
2024-06-29 16:07:51,AAPL,BUY,225,198.12,T010
